beneficiary_id,customer_id,beneficiary_name,relationship_type,country_code,added_date
BEN-000001,CUST-000001,Rahul Nair,Family,CN,2024-06-13
BEN-000002,CUST-000001,Pooja Reddy,Family,GB,2024-12-04
BEN-000003,CUST-000001,Wei Wang,Vendor,KY,2024-11-18
BEN-000004,CUST-000002,Karan Sharma,Friend,CN,2023-11-27
BEN-000005,CUST-000003,Aadhya Verma,Unknown,DE,2024-02-02
BEN-000006,CUST-000003,Kabir Patel,Unknown,CN,2023-08-10
BEN-000007,CUST-000003,Aditya Smith,Employer,PA,2024-01-03
BEN-000008,CUST-000007,Neha Johnson,Family,KY,2024-05-21
BEN-000009,CUST-000008,Vivaan Reddy,Business Partner,TR,2023-10-02
BEN-000010,CUST-000009,Priya Das,Vendor,AE,2023-10-26
BEN-000011,CUST-000010,Pooja Smith,Vendor,SG,2024-11-28
BEN-000012,CUST-000010,Aarav Nair,Family,US,2024-09-22
BEN-000013,CUST-000010,Fatima Nair,Vendor,KY,2024-12-23
BEN-000014,CUST-000010,Karan Wang,Business Partner,GB,2024-08-11
BEN-000015,CUST-000011,Mohammed Kapoor,Unknown,SG,2023-12-08
BEN-000016,CUST-000011,Priya Brown,Friend,CN,2024-09-07
BEN-000017,CUST-000011,Sneha Gupta,Vendor,DE,2023-09-26
BEN-000018,CUST-000012,Aadhya Das,Vendor,PA,2020-09-26
BEN-000019,CUST-000012,Aadhya Brown,Unknown,AE,2024-12-22
BEN-000020,CUST-000013,Aadhya Khan,Vendor,IN,2024-07-29
BEN-000021,CUST-000013,Ananya Khan,Family,AE,2022-11-15
BEN-000022,CUST-000014,Kabir Singh,Unknown,TR,2023-03-07
BEN-000023,CUST-000015,Aadhya Singh,Business Partner,TR,2020-03-27
BEN-000024,CUST-000015,Aarav Brown,Employer,PA,2020-04-23
BEN-000025,CUST-000016,Pooja Nair,Family,US,2023-07-14
BEN-000026,CUST-000016,Li Singh,Vendor,AE,2023-05-04
BEN-000027,CUST-000019,Aadhya Brown,Family,US,2023-11-19
BEN-000028,CUST-000019,Ishaan Sharma,Employer,TR,2023-03-28
BEN-000029,CUST-000019,Olivia Kapoor,Unknown,DE,2023-09-17
BEN-000030,CUST-000019,Diya Mehta,Vendor,TR,2023-03-12
BEN-000031,CUST-000020,Ananya Wang,Friend,KY,2021-05-02
BEN-000032,CUST-000020,Sneha Patel,Friend,IN,2023-04-30
BEN-000033,CUST-000022,Aarav Khan,Friend,DE,2023-07-04
BEN-000034,CUST-000022,Aditya Mehta,Friend,TR,2024-12-17
BEN-000035,CUST-000022,Priya Zhang,Employer,GB,2020-05-24
BEN-000036,CUST-000023,Wei Singh,Business Partner,TR,2022-04-30
BEN-000037,CUST-000023,Robert Gupta,Unknown,IN,2020-12-30
BEN-000038,CUST-000023,Ava Gupta,Business Partner,IN,2022-03-09
BEN-000039,CUST-000023,Li Kapoor,Vendor,SG,2023-05-31
BEN-000040,CUST-000024,Sneha Al-Farsi,Unknown,IN,2022-08-24
BEN-000041,CUST-000024,Diya Chowdhury,Employer,PA,2022-01-23
BEN-000042,CUST-000026,Rahul Wang,Vendor,DE,2022-03-04
BEN-000043,CUST-000026,Priya Verma,Vendor,PA,2020-10-09
BEN-000044,CUST-000026,Neha Das,Business Partner,PA,2021-08-05
BEN-000045,CUST-000029,Olivia Khan,Vendor,IN,2024-11-03
BEN-000046,CUST-000029,Aadhya Patel,Vendor,GB,2023-04-12
BEN-000047,CUST-000031,Emma Chowdhury,Business Partner,AE,2024-07-26
BEN-000048,CUST-000031,Karan Das,Business Partner,CN,2024-01-09
BEN-000049,CUST-000031,Ava Al-Farsi,Unknown,PA,2024-08-23
BEN-000050,CUST-000032,Fatima Mehta,Friend,GB,2021-12-21
BEN-000051,CUST-000033,Emma Patel,Unknown,US,2024-06-26
BEN-000052,CUST-000033,Aarav Patel,Unknown,DE,2024-06-25
BEN-000053,CUST-000034,Fatima Khan,Friend,DE,2023-09-09
BEN-000054,CUST-000034,Sneha Reddy,Vendor,IN,2024-10-14
BEN-000055,CUST-000034,Myra Wang,Friend,US,2023-11-04
BEN-000056,CUST-000035,Vivaan Rao,Business Partner,US,2023-02-02
BEN-000057,CUST-000035,Wei Iyer,Friend,KY,2023-07-15
BEN-000058,CUST-000035,Ishaan Sharma,Vendor,KY,2023-05-28
BEN-000059,CUST-000036,Diya Sharma,Business Partner,SG,2023-11-12
BEN-000060,CUST-000036,Emma Kapoor,Business Partner,IN,2023-07-05
BEN-000061,CUST-000037,John Gupta,Employer,CN,2024-03-10
BEN-000062,CUST-000037,Pooja Rao,Vendor,TR,2022-12-19
BEN-000063,CUST-000037,Saanvi Sharma,Employer,PA,2021-12-07
BEN-000064,CUST-000039,Aadhya Sharma,Unknown,IN,2020-09-10
BEN-000065,CUST-000039,John Iyer,Business Partner,TR,2023-05-15
BEN-000066,CUST-000039,Liam Verma,Family,KY,2024-11-03
BEN-000067,CUST-000039,Vivaan Kapoor,Business Partner,CN,2024-01-19
BEN-000068,CUST-000040,James Rao,Unknown,TR,2024-02-29
BEN-000069,CUST-000041,Ava Iyer,Vendor,AE,2024-11-12
BEN-000070,CUST-000042,Vivaan Al-Farsi,Family,DE,2024-05-27
BEN-000071,CUST-000042,Emma Iyer,Business Partner,TR,2024-08-19
BEN-000072,CUST-000042,James Chowdhury,Friend,US,2023-11-05
BEN-000073,CUST-000042,Fatima Smith,Vendor,GB,2023-11-19
BEN-000074,CUST-000043,Ananya Sharma,Vendor,DE,2021-01-04
BEN-000075,CUST-000044,Myra Johnson,Friend,KY,2024-08-02
BEN-000076,CUST-000044,Ananya Mehta,Family,GB,2023-05-06
BEN-000077,CUST-000044,Ananya Nair,Vendor,GB,2022-05-20
BEN-000078,CUST-000044,Emma Mehta,Employer,IN,2022-05-31
BEN-000079,CUST-000045,James Gupta,Business Partner,US,2023-07-07
BEN-000080,CUST-000045,Rahul Gupta,Vendor,IN,2022-07-11
BEN-000081,CUST-000045,Ananya Kapoor,Friend,DE,2022-09-05
BEN-000082,CUST-000045,Aadhya Nair,Employer,SG,2024-07-25
BEN-000083,CUST-000046,John Gupta,Vendor,GB,2024-12-03
BEN-000084,CUST-000046,Fatima Kapoor,Vendor,DE,2024-12-25
BEN-000085,CUST-000047,Kabir Brown,Unknown,CN,2024-05-29
BEN-000086,CUST-000047,Rahul Wang,Business Partner,GB,2023-12-16
BEN-000087,CUST-000047,Robert Smith,Business Partner,US,2024-04-16
BEN-000088,CUST-000048,Noah Brown,Vendor,KY,2023-06-20
BEN-000089,CUST-000048,Mohammed Wang,Vendor,IN,2023-11-14
BEN-000090,CUST-000048,Aditya Das,Unknown,SG,2023-08-25
BEN-000091,CUST-000048,Pooja Smith,Employer,GB,2023-07-17
BEN-000092,CUST-000049,Aarav Nair,Unknown,KY,2023-09-20
BEN-000093,CUST-000049,Pooja Smith,Vendor,CN,2024-07-02
BEN-000094,CUST-000049,Mohammed Johnson,Friend,US,2022-12-24
BEN-000095,CUST-000050,Olivia Johnson,Business Partner,TR,2024-01-20
BEN-000096,CUST-000050,Priya Zhang,Family,CN,2024-03-11
BEN-000097,CUST-000050,Mohammed Singh,Friend,KY,2024-07-05
BEN-000098,CUST-000051,Neha Das,Vendor,DE,2019-09-22
BEN-000099,CUST-000051,Noah Brown,Employer,PA,2021-11-18
BEN-000100,CUST-000052,Noah Singh,Vendor,PA,2024-11-25
BEN-000101,CUST-000052,Priya Rao,Business Partner,PA,2024-10-15
BEN-000102,CUST-000053,Diya Sharma,Family,DE,2023-12-01
BEN-000103,CUST-000053,Arjun Al-Farsi,Family,TR,2024-10-11
BEN-000104,CUST-000053,Olivia Khan,Unknown,PA,2023-06-18
BEN-000105,CUST-000054,Ava Mehta,Employer,CN,2024-11-26
BEN-000106,CUST-000054,Arjun Khan,Friend,IN,2022-10-02
BEN-000107,CUST-000054,Karan Nair,Friend,TR,2024-09-27
BEN-000108,CUST-000054,Wei Chowdhury,Business Partner,US,2023-02-06
BEN-000109,CUST-000055,Karan Rao,Business Partner,DE,2023-05-09
BEN-000110,CUST-000055,Diya Khan,Employer,SG,2024-06-05
BEN-000111,CUST-000055,Myra Singh,Family,AE,2022-08-13
BEN-000112,CUST-000055,Ananya Chowdhury,Employer,PA,2022-04-18
BEN-000113,CUST-000056,Priya Kapoor,Friend,CN,2024-06-12
BEN-000114,CUST-000056,Kabir Patel,Family,DE,2023-10-31
BEN-000115,CUST-000057,Pooja Rao,Business Partner,US,2023-02-19
BEN-000116,CUST-000057,Pooja Mehta,Unknown,AE,2023-09-24
BEN-000117,CUST-000057,Sarah Singh,Family,AE,2021-07-09
BEN-000118,CUST-000058,Pooja Gupta,Employer,KY,2021-03-09
BEN-000119,CUST-000058,Priya Smith,Family,US,2021-03-16
BEN-000120,CUST-000058,Myra Brown,Unknown,GB,2023-07-17
BEN-000121,CUST-000058,Pooja Khan,Friend,IN,2020-02-25
BEN-000122,CUST-000059,Rahul Zhang,Unknown,GB,2024-09-04
BEN-000123,CUST-000059,Li Nair,Unknown,KY,2022-03-01
BEN-000124,CUST-000059,Priya Al-Farsi,Unknown,DE,2023-10-22
BEN-000125,CUST-000059,Liam Das,Business Partner,DE,2023-06-03
BEN-000126,CUST-000060,Saanvi Mehta,Employer,KY,2023-10-06
BEN-000127,CUST-000060,Diya Al-Farsi,Unknown,US,2022-06-05
BEN-000128,CUST-000061,Emma Patel,Vendor,CN,2024-07-08
BEN-000129,CUST-000061,Sarah Sharma,Employer,DE,2019-11-04
BEN-000130,CUST-000062,Saanvi Khan,Unknown,IN,2022-10-13
BEN-000131,CUST-000063,John Zhang,Unknown,IN,2024-12-18
BEN-000132,CUST-000063,Neha Gupta,Friend,AE,2024-11-10
BEN-000133,CUST-000064,Robert Al-Farsi,Vendor,PA,2024-10-11
BEN-000134,CUST-000064,James Patel,Family,PA,2024-12-26
BEN-000135,CUST-000065,Liam Iyer,Family,TR,2023-12-05
BEN-000136,CUST-000065,Neha Smith,Unknown,KY,2022-08-30
BEN-000137,CUST-000065,Emma Nair,Family,AE,2024-12-15
BEN-000138,CUST-000065,Emma Khan,Family,KY,2024-07-20
BEN-000139,CUST-000066,Sneha Khan,Business Partner,AE,2024-09-27
BEN-000140,CUST-000067,Olivia Patel,Vendor,DE,2021-07-10
BEN-000141,CUST-000068,Saanvi Wang,Vendor,TR,2023-06-26
BEN-000142,CUST-000068,Vivaan Zhang,Employer,TR,2022-01-08
BEN-000143,CUST-000069,Olivia Verma,Business Partner,TR,2024-12-20
BEN-000144,CUST-000069,James Al-Farsi,Business Partner,DE,2022-01-06
BEN-000145,CUST-000070,Saanvi Iyer,Employer,GB,2024-03-03
BEN-000146,CUST-000070,Neha Al-Farsi,Business Partner,KY,2024-02-28
BEN-000147,CUST-000074,Myra Nair,Friend,GB,2022-08-22
BEN-000148,CUST-000075,Karan Kapoor,Vendor,KY,2022-11-09
BEN-000149,CUST-000075,Emma Patel,Employer,IN,2020-05-22
BEN-000150,CUST-000076,Ava Johnson,Unknown,CN,2022-12-11
BEN-000151,CUST-000076,Noah Das,Vendor,US,2024-12-23
BEN-000152,CUST-000076,Ananya Singh,Friend,PA,2024-06-22
BEN-000153,CUST-000077,Emma Nair,Employer,AE,2024-12-06
BEN-000154,CUST-000078,Ava Smith,Business Partner,GB,2020-06-04
BEN-000155,CUST-000079,Vivaan Johnson,Unknown,SG,2022-06-01
BEN-000156,CUST-000079,John Singh,Friend,PA,2024-06-07
BEN-000157,CUST-000081,Liam Singh,Vendor,US,2023-03-07
BEN-000158,CUST-000082,Arjun Singh,Family,CN,2024-07-16
BEN-000159,CUST-000082,Liam Patel,Business Partner,CN,2024-11-06
BEN-000160,CUST-000083,Neha Johnson,Vendor,US,2022-06-15
BEN-000161,CUST-000083,Noah Smith,Vendor,IN,2023-04-24
BEN-000162,CUST-000083,Saanvi Chowdhury,Employer,SG,2022-11-30
BEN-000163,CUST-000083,Ananya Das,Vendor,SG,2021-12-04
BEN-000164,CUST-000084,Neha Mehta,Family,DE,2021-09-23
BEN-000165,CUST-000084,Priya Wang,Family,CN,2023-12-26
BEN-000166,CUST-000085,Olivia Patel,Unknown,GB,2024-10-11
BEN-000167,CUST-000086,Priya Rao,Vendor,GB,2024-02-10
BEN-000168,CUST-000086,Liam Al-Farsi,Unknown,PA,2024-10-24
BEN-000169,CUST-000086,Ava Wang,Vendor,GB,2024-06-21
BEN-000170,CUST-000086,Rahul Iyer,Vendor,TR,2022-10-20
BEN-000171,CUST-000087,Robert Khan,Vendor,IN,2023-11-04
BEN-000172,CUST-000087,Neha Nair,Friend,US,2024-04-08
BEN-000173,CUST-000088,Pooja Khan,Friend,DE,2022-02-02
BEN-000174,CUST-000088,Sarah Mehta,Unknown,DE,2021-12-04
BEN-000175,CUST-000091,Neha Reddy,Vendor,TR,2023-12-24
BEN-000176,CUST-000091,Sneha Johnson,Family,AE,2020-12-05
BEN-000177,CUST-000092,Arjun Al-Farsi,Unknown,GB,2024-06-20
BEN-000178,CUST-000095,Sarah Smith,Unknown,KY,2023-05-21
BEN-000179,CUST-000095,Priya Johnson,Friend,US,2022-06-26
BEN-000180,CUST-000095,Karan Khan,Vendor,AE,2023-08-04
BEN-000181,CUST-000096,Pooja Chowdhury,Business Partner,CN,2023-07-13
BEN-000182,CUST-000096,Ananya Iyer,Employer,PA,2023-09-10
BEN-000183,CUST-000096,Ishaan Sharma,Unknown,CN,2020-10-22
BEN-000184,CUST-000097,Ava Kapoor,Family,IN,2024-10-29
BEN-000185,CUST-000097,Aadhya Patel,Friend,IN,2023-12-23
BEN-000186,CUST-000097,Li Chowdhury,Employer,AE,2024-12-14
BEN-000187,CUST-000098,Mohammed Singh,Friend,GB,2024-06-20
BEN-000188,CUST-000099,Liam Wang,Unknown,SG,2024-07-09
BEN-000189,CUST-000099,Aadhya Chowdhury,Employer,TR,2023-05-11
BEN-000190,CUST-000099,Sneha Wang,Friend,PA,2023-10-05
BEN-000191,CUST-000099,Diya Patel,Friend,DE,2023-12-03
BEN-000192,CUST-000100,Li Brown,Business Partner,CN,2023-02-24
BEN-000193,CUST-000100,James Verma,Friend,SG,2020-04-09
BEN-000194,CUST-000101,Saanvi Zhang,Friend,CN,2021-03-06
BEN-000195,CUST-000101,Fatima Verma,Business Partner,IN,2021-01-04
BEN-000196,CUST-000101,Olivia Iyer,Employer,SG,2019-09-24
BEN-000197,CUST-000101,Sarah Brown,Family,CN,2019-08-30
BEN-000198,CUST-000102,Arjun Sharma,Employer,CN,2022-01-27
BEN-000199,CUST-000102,Sarah Mehta,Unknown,GB,2022-07-10
BEN-000200,CUST-000102,Noah Khan,Employer,IN,2020-01-08
BEN-000201,CUST-000103,Wei Kapoor,Employer,CN,2022-02-21
BEN-000202,CUST-000103,Wei Khan,Vendor,KY,2023-10-20
BEN-000203,CUST-000103,Arjun Brown,Unknown,CN,2021-08-27
BEN-000204,CUST-000104,Sneha Al-Farsi,Unknown,GB,2023-04-18
BEN-000205,CUST-000106,John Reddy,Unknown,IN,2022-02-28
BEN-000206,CUST-000106,John Al-Farsi,Friend,AE,2023-06-10
BEN-000207,CUST-000106,Pooja Nair,Business Partner,DE,2022-09-17
BEN-000208,CUST-000106,Olivia Singh,Friend,AE,2021-10-04
BEN-000209,CUST-000107,Liam Gupta,Vendor,GB,2022-09-02
BEN-000210,CUST-000107,Liam Verma,Unknown,GB,2023-04-20
BEN-000211,CUST-000107,James Rao,Family,AE,2022-03-04
BEN-000212,CUST-000107,Karan Rao,Vendor,GB,2022-11-12
BEN-000213,CUST-000108,Emma Das,Vendor,US,2023-04-13
BEN-000214,CUST-000108,Diya Kapoor,Employer,US,2023-02-15
BEN-000215,CUST-000109,Vivaan Zhang,Friend,IN,2021-09-23
BEN-000216,CUST-000110,Sneha Kapoor,Business Partner,GB,2020-01-31
BEN-000217,CUST-000111,Sarah Kapoor,Vendor,KY,2024-07-29
BEN-000218,CUST-000111,Fatima Das,Employer,AE,2024-09-19
BEN-000219,CUST-000111,James Kapoor,Business Partner,KY,2024-09-11
BEN-000220,CUST-000113,Ananya Rao,Unknown,KY,2024-11-20
BEN-000221,CUST-000114,Vivaan Wang,Unknown,US,2021-01-27
BEN-000222,CUST-000114,Neha Verma,Business Partner,SG,2021-04-08
BEN-000223,CUST-000115,Arjun Kapoor,Business Partner,DE,2024-11-06
BEN-000224,CUST-000115,Wei Al-Farsi,Friend,AE,2024-03-16
BEN-000225,CUST-000117,James Das,Business Partner,GB,2023-10-20
BEN-000226,CUST-000118,Rahul Kapoor,Family,PA,2024-10-07
BEN-000227,CUST-000121,Fatima Chowdhury,Family,DE,2022-07-30
BEN-000228,CUST-000121,Priya Johnson,Family,IN,2023-09-27
BEN-000229,CUST-000121,Ishaan Singh,Business Partner,AE,2024-01-08
BEN-000230,CUST-000122,Diya Kapoor,Business Partner,AE,2022-11-04
BEN-000231,CUST-000122,Ava Rao,Family,US,2024-05-15
BEN-000232,CUST-000122,Karan Das,Vendor,CN,2024-07-10
BEN-000233,CUST-000122,Rahul Singh,Unknown,IN,2024-08-15
BEN-000234,CUST-000124,Ava Reddy,Employer,AE,2024-02-11
BEN-000235,CUST-000125,Sneha Verma,Business Partner,AE,2024-10-18
BEN-000236,CUST-000125,Liam Rao,Employer,PA,2023-01-30
BEN-000237,CUST-000125,Vivaan Gupta,Vendor,CN,2024-02-02
BEN-000238,CUST-000126,Pooja Singh,Unknown,GB,2019-10-18
BEN-000239,CUST-000126,John Reddy,Employer,IN,2021-12-15
BEN-000240,CUST-000127,Robert Kapoor,Friend,IN,2024-10-15
BEN-000241,CUST-000127,Ishaan Rao,Friend,IN,2024-09-12
BEN-000242,CUST-000127,Ishaan Zhang,Friend,US,2024-11-28
BEN-000243,CUST-000127,Robert Khan,Unknown,KY,2024-08-13
BEN-000244,CUST-000128,Arjun Wang,Employer,KY,2023-07-03
BEN-000245,CUST-000128,Vivaan Singh,Family,IN,2022-08-05
BEN-000246,CUST-000128,Karan Rao,Unknown,SG,2022-10-16
BEN-000247,CUST-000129,Neha Patel,Employer,TR,2024-11-26
BEN-000248,CUST-000129,Diya Nair,Unknown,GB,2024-12-04
BEN-000249,CUST-000130,Saanvi Das,Unknown,GB,2021-05-07
BEN-000250,CUST-000130,Sarah Iyer,Business Partner,GB,2020-12-05
BEN-000251,CUST-000130,Saanvi Zhang,Unknown,KY,2021-12-03
BEN-000252,CUST-000131,Arjun Iyer,Unknown,GB,2024-01-25
BEN-000253,CUST-000131,Priya Mehta,Family,CN,2024-08-10
BEN-000254,CUST-000131,Emma Das,Employer,CN,2023-10-31
BEN-000255,CUST-000132,Ishaan Iyer,Employer,IN,2020-08-20
BEN-000256,CUST-000132,Neha Singh,Vendor,IN,2023-06-11
BEN-000257,CUST-000132,Diya Wang,Family,IN,2023-08-01
BEN-000258,CUST-000132,Aarav Das,Business Partner,TR,2020-03-02
BEN-000259,CUST-000133,Robert Johnson,Friend,GB,2024-02-01
BEN-000260,CUST-000133,Myra Das,Vendor,AE,2023-05-11
BEN-000261,CUST-000134,Priya Wang,Unknown,IN,2022-12-13
BEN-000262,CUST-000134,Vivaan Rao,Unknown,US,2022-12-28
BEN-000263,CUST-000134,Li Khan,Vendor,AE,2020-10-27
BEN-000264,CUST-000134,Saanvi Singh,Unknown,CN,2019-02-22
BEN-000265,CUST-000136,Kabir Reddy,Family,SG,2024-02-27
BEN-000266,CUST-000136,Noah Mehta,Unknown,GB,2021-01-15
BEN-000267,CUST-000137,Priya Al-Farsi,Employer,TR,2022-07-28
BEN-000268,CUST-000137,Myra Khan,Vendor,TR,2022-12-22
BEN-000269,CUST-000138,Emma Mehta,Employer,AE,2022-01-17
BEN-000270,CUST-000138,Pooja Rao,Family,SG,2023-09-25
BEN-000271,CUST-000139,Rahul Chowdhury,Friend,US,2024-01-25
BEN-000272,CUST-000139,Pooja Nair,Friend,US,2024-03-06
BEN-000273,CUST-000139,Sneha Khan,Family,SG,2024-03-17
BEN-000274,CUST-000139,Noah Das,Unknown,SG,2023-08-21
BEN-000275,CUST-000140,Li Rao,Business Partner,IN,2024-07-26
BEN-000276,CUST-000140,Neha Das,Business Partner,IN,2024-12-23
BEN-000277,CUST-000140,Kabir Wang,Employer,CN,2024-10-30
BEN-000278,CUST-000140,Ishaan Wang,Friend,DE,2024-10-26
BEN-000279,CUST-000142,Aadhya Wang,Unknown,SG,2022-03-02
BEN-000280,CUST-000142,Fatima Nair,Vendor,KY,2024-03-05
BEN-000281,CUST-000142,Ava Wang,Vendor,CN,2024-10-09
BEN-000282,CUST-000143,Diya Wang,Family,US,2019-12-08
BEN-000283,CUST-000143,Aditya Al-Farsi,Vendor,US,2020-06-10
BEN-000284,CUST-000143,Sneha Iyer,Vendor,CN,2021-02-21
BEN-000285,CUST-000143,Pooja Brown,Unknown,DE,2023-12-23
BEN-000286,CUST-000144,Saanvi Kapoor,Unknown,TR,2024-05-14
BEN-000287,CUST-000144,Kabir Verma,Unknown,PA,2024-04-18
BEN-000288,CUST-000144,Ava Sharma,Friend,DE,2023-07-24
BEN-000289,CUST-000146,Robert Verma,Family,US,2023-03-16
BEN-000290,CUST-000146,Mohammed Wang,Employer,PA,2023-12-26
BEN-000291,CUST-000146,Liam Mehta,Business Partner,SG,2022-05-05
BEN-000292,CUST-000146,Ava Johnson,Employer,KY,2024-10-12
BEN-000293,CUST-000147,Priya Reddy,Employer,SG,2020-11-05
BEN-000294,CUST-000147,Li Khan,Family,SG,2020-10-26
BEN-000295,CUST-000147,Pooja Verma,Unknown,CN,2023-02-16
BEN-000296,CUST-000147,Saanvi Nair,Friend,CN,2021-02-13
BEN-000297,CUST-000149,Li Chowdhury,Family,KY,2024-01-17
BEN-000298,CUST-000150,Neha Rao,Friend,US,2021-05-05
BEN-000299,CUST-000150,Olivia Zhang,Business Partner,GB,2023-11-09
BEN-000300,CUST-000150,Aadhya Al-Farsi,Family,KY,2021-02-20
BEN-000301,CUST-000150,Ishaan Smith,Employer,IN,2024-08-08
BEN-000302,CUST-000151,Priya Khan,Unknown,IN,2024-03-15
BEN-000303,CUST-000151,Li Wang,Friend,SG,2024-11-13
BEN-000304,CUST-000151,Ava Brown,Employer,IN,2024-12-02
BEN-000305,CUST-000151,Rahul Gupta,Vendor,CN,2024-02-20
BEN-000306,CUST-000152,Robert Mehta,Employer,PA,2021-08-21
BEN-000307,CUST-000152,Liam Al-Farsi,Employer,DE,2024-11-22
BEN-000308,CUST-000152,James Singh,Vendor,SG,2022-02-17
BEN-000309,CUST-000152,Olivia Mehta,Business Partner,US,2020-10-31
BEN-000310,CUST-000153,Sarah Johnson,Business Partner,IN,2024-01-20
BEN-000311,CUST-000155,Ava Verma,Unknown,PA,2021-09-14
BEN-000312,CUST-000155,Pooja Iyer,Friend,PA,2023-04-09
BEN-000313,CUST-000155,Mohammed Nair,Employer,PA,2023-05-20
BEN-000314,CUST-000156,Arjun Sharma,Unknown,US,2024-09-20
BEN-000315,CUST-000156,Sneha Nair,Vendor,PA,2024-05-22
BEN-000316,CUST-000156,Fatima Brown,Family,TR,2023-10-29
BEN-000317,CUST-000157,Li Iyer,Employer,PA,2023-08-23
BEN-000318,CUST-000157,Sarah Khan,Family,GB,2023-01-17
BEN-000319,CUST-000157,Myra Singh,Unknown,SG,2023-05-24
BEN-000320,CUST-000157,Li Singh,Vendor,CN,2024-03-03
BEN-000321,CUST-000158,Neha Wang,Unknown,GB,2019-07-28
BEN-000322,CUST-000158,Rahul Kapoor,Unknown,AE,2021-01-19
BEN-000323,CUST-000158,Arjun Patel,Vendor,KY,2022-11-27
BEN-000324,CUST-000158,Li Rao,Friend,GB,2022-02-12
BEN-000325,CUST-000160,Saanvi Verma,Unknown,GB,2024-11-13
BEN-000326,CUST-000160,Aarav Khan,Family,AE,2024-08-03
BEN-000327,CUST-000160,Emma Johnson,Friend,AE,2024-08-04
BEN-000328,CUST-000161,Aditya Chowdhury,Vendor,KY,2022-09-13
BEN-000329,CUST-000161,Ishaan Chowdhury,Vendor,CN,2023-03-12
BEN-000330,CUST-000161,Priya Brown,Unknown,KY,2022-09-06
BEN-000331,CUST-000161,Emma Gupta,Unknown,GB,2024-04-17
BEN-000332,CUST-000162,Ishaan Rao,Family,DE,2024-11-19
BEN-000333,CUST-000162,Noah Verma,Employer,CN,2024-10-02
BEN-000334,CUST-000162,Neha Rao,Friend,US,2024-09-23
BEN-000335,CUST-000162,Li Mehta,Unknown,AE,2024-07-07
BEN-000336,CUST-000163,Pooja Iyer,Vendor,IN,2022-07-17
BEN-000337,CUST-000163,Aarav Wang,Friend,SG,2023-01-20
BEN-000338,CUST-000164,Olivia Singh,Business Partner,KY,2023-07-23
BEN-000339,CUST-000164,Pooja Nair,Unknown,IN,2023-10-11
BEN-000340,CUST-000164,Sarah Nair,Friend,CN,2023-12-14
BEN-000341,CUST-000164,Wei Johnson,Unknown,SG,2024-03-16
BEN-000342,CUST-000166,Mohammed Chowdhury,Unknown,KY,2022-09-24
BEN-000343,CUST-000166,Rahul Wang,Family,TR,2022-07-20
BEN-000344,CUST-000166,Rahul Johnson,Business Partner,TR,2022-05-25
BEN-000345,CUST-000167,Noah Gupta,Employer,SG,2023-10-29
BEN-000346,CUST-000167,Kabir Rao,Employer,CN,2020-11-04
BEN-000347,CUST-000167,Myra Verma,Employer,US,2024-01-17
BEN-000348,CUST-000167,James Brown,Employer,TR,2022-03-06
BEN-000349,CUST-000169,Priya Singh,Vendor,PA,2024-02-09
BEN-000350,CUST-000169,Arjun Rao,Business Partner,PA,2023-07-16
BEN-000351,CUST-000170,Rahul Chowdhury,Vendor,CN,2024-02-03
BEN-000352,CUST-000170,Li Gupta,Vendor,US,2024-11-11
BEN-000353,CUST-000171,Arjun Verma,Friend,DE,2024-09-24
BEN-000354,CUST-000171,Aarav Verma,Business Partner,DE,2024-08-09
BEN-000355,CUST-000171,Mohammed Iyer,Vendor,PA,2022-07-19
BEN-000356,CUST-000171,Diya Das,Employer,IN,2024-02-27
BEN-000357,CUST-000172,Sarah Nair,Employer,GB,2024-10-10
BEN-000358,CUST-000172,Sneha Al-Farsi,Business Partner,US,2024-10-26
BEN-000359,CUST-000172,Priya Mehta,Unknown,US,2024-09-12
BEN-000360,CUST-000172,James Khan,Friend,TR,2024-12-21
BEN-000361,CUST-000174,Neha Wang,Employer,DE,2023-01-04
BEN-000362,CUST-000174,Ava Iyer,Family,PA,2022-04-01
BEN-000363,CUST-000174,Aarav Chowdhury,Family,PA,2022-08-22
BEN-000364,CUST-000174,Vivaan Rao,Family,DE,2023-12-18
BEN-000365,CUST-000175,Neha Smith,Business Partner,CN,2024-10-17
BEN-000366,CUST-000175,Noah Smith,Family,TR,2024-06-30
BEN-000367,CUST-000175,Wei Singh,Family,CN,2024-06-02
BEN-000368,CUST-000175,Myra Nair,Family,IN,2024-10-21
BEN-000369,CUST-000176,Neha Johnson,Friend,TR,2019-10-02
BEN-000370,CUST-000177,Aarav Mehta,Unknown,KY,2024-12-06
BEN-000371,CUST-000177,Rahul Brown,Family,IN,2024-11-23
BEN-000372,CUST-000178,Mohammed Rao,Family,GB,2024-10-21
BEN-000373,CUST-000178,Diya Gupta,Employer,DE,2021-10-20
BEN-000374,CUST-000179,Emma Gupta,Unknown,DE,2023-03-13
BEN-000375,CUST-000179,Robert Mehta,Unknown,KY,2022-10-29
BEN-000376,CUST-000180,Vivaan Chowdhury,Unknown,GB,2022-01-22
BEN-000377,CUST-000181,Rahul Verma,Friend,IN,2024-10-12
BEN-000378,CUST-000181,Emma Sharma,Vendor,DE,2024-09-20
BEN-000379,CUST-000182,Kabir Sharma,Business Partner,DE,2023-11-26
BEN-000380,CUST-000182,Rahul Singh,Friend,GB,2024-07-19
BEN-000381,CUST-000182,Aditya Nair,Employer,SG,2024-01-27
BEN-000382,CUST-000182,Karan Khan,Business Partner,GB,2023-12-27
BEN-000383,CUST-000183,Robert Chowdhury,Employer,SG,2024-11-26
BEN-000384,CUST-000183,Neha Wang,Vendor,GB,2024-11-19
BEN-000385,CUST-000185,Saanvi Zhang,Business Partner,TR,2024-07-04
BEN-000386,CUST-000186,Ananya Singh,Unknown,IN,2020-05-12
BEN-000387,CUST-000188,Fatima Reddy,Employer,AE,2019-10-31
BEN-000388,CUST-000188,Saanvi Patel,Employer,DE,2022-09-05
BEN-000389,CUST-000188,Liam Chowdhury,Unknown,CN,2022-10-21
BEN-000390,CUST-000189,John Patel,Unknown,SG,2024-12-10
BEN-000391,CUST-000189,Aditya Zhang,Employer,AE,2024-11-17
BEN-000392,CUST-000190,Fatima Verma,Family,TR,2022-01-23
BEN-000393,CUST-000191,John Sharma,Vendor,GB,2022-10-04
BEN-000394,CUST-000191,Neha Brown,Business Partner,GB,2024-11-01
BEN-000395,CUST-000191,James Wang,Friend,GB,2023-02-10
BEN-000396,CUST-000192,Emma Chowdhury,Friend,GB,2019-06-16
BEN-000397,CUST-000192,Rahul Sharma,Friend,AE,2022-08-25
BEN-000398,CUST-000192,Pooja Reddy,Friend,PA,2019-08-19
BEN-000399,CUST-000192,Rahul Singh,Employer,KY,2022-11-23
BEN-000400,CUST-000193,Ishaan Sharma,Business Partner,KY,2024-08-24
BEN-000401,CUST-000193,Saanvi Smith,Business Partner,IN,2022-03-10
BEN-000402,CUST-000193,Liam Brown,Family,KY,2024-10-16
BEN-000403,CUST-000194,Kabir Khan,Business Partner,TR,2024-06-11
BEN-000404,CUST-000194,Neha Smith,Unknown,GB,2024-04-20
BEN-000405,CUST-000194,Aarav Khan,Family,KY,2022-04-11
BEN-000406,CUST-000195,Noah Rao,Employer,GB,2024-06-11
BEN-000407,CUST-000195,Liam Reddy,Friend,IN,2024-01-14
BEN-000408,CUST-000195,Arjun Reddy,Family,IN,2024-07-14
BEN-000409,CUST-000196,Aditya Johnson,Unknown,SG,2023-09-18
BEN-000410,CUST-000196,Vivaan Khan,Family,TR,2024-05-28
BEN-000411,CUST-000197,Li Rao,Friend,SG,2024-08-22
BEN-000412,CUST-000197,Olivia Patel,Family,SG,2024-09-26
BEN-000413,CUST-000197,Arjun Verma,Business Partner,KY,2024-08-10
BEN-000414,CUST-000197,Sarah Iyer,Business Partner,DE,2024-07-18
BEN-000415,CUST-000198,Aditya Gupta,Unknown,TR,2023-02-16
BEN-000416,CUST-000198,Noah Chowdhury,Employer,KY,2023-05-21
BEN-000417,CUST-000198,Liam Iyer,Unknown,US,2022-11-14
BEN-000418,CUST-000198,James Johnson,Family,CN,2024-05-22
BEN-000419,CUST-000199,James Al-Farsi,Employer,AE,2022-04-09
BEN-000420,CUST-000199,Robert Smith,Employer,US,2023-02-25
BEN-000421,CUST-000199,Neha Mehta,Family,PA,2022-05-12
BEN-000422,CUST-000200,Robert Brown,Friend,KY,2024-06-05
BEN-000423,CUST-000200,Myra Sharma,Business Partner,IN,2023-07-10
BEN-000424,CUST-000200,Robert Wang,Employer,CN,2024-04-05
BEN-000425,CUST-000200,Sarah Chowdhury,Family,PA,2021-07-03
BEN-000426,CUST-000201,Neha Zhang,Unknown,SG,2020-08-05
BEN-000427,CUST-000201,Ananya Johnson,Business Partner,DE,2021-06-18
BEN-000428,CUST-000203,Fatima Kapoor,Family,AE,2024-09-09
BEN-000429,CUST-000203,Neha Khan,Business Partner,TR,2024-05-31
BEN-000430,CUST-000203,Aadhya Wang,Employer,AE,2023-03-01
BEN-000431,CUST-000203,Ananya Das,Friend,PA,2021-12-17
BEN-000432,CUST-000204,Aadhya Reddy,Employer,GB,2020-06-06
BEN-000433,CUST-000204,Noah Mehta,Friend,KY,2023-11-05
BEN-000434,CUST-000204,Karan Chowdhury,Employer,GB,2021-08-28
BEN-000435,CUST-000205,Aarav Al-Farsi,Business Partner,GB,2024-08-12
BEN-000436,CUST-000205,Sneha Das,Employer,AE,2020-09-05
BEN-000437,CUST-000205,Arjun Reddy,Employer,PA,2021-05-03
BEN-000438,CUST-000205,Olivia Khan,Vendor,IN,2020-12-15
BEN-000439,CUST-000206,Neha Smith,Employer,PA,2023-01-24
BEN-000440,CUST-000207,Neha Nair,Family,PA,2024-07-04
BEN-000441,CUST-000208,Li Gupta,Unknown,SG,2023-12-22
BEN-000442,CUST-000208,Aadhya Mehta,Family,GB,2020-05-18
BEN-000443,CUST-000208,Aditya Brown,Friend,DE,2024-06-09
BEN-000444,CUST-000210,Saanvi Zhang,Unknown,KY,2024-11-30
BEN-000445,CUST-000210,Diya Mehta,Unknown,PA,2022-12-29
BEN-000446,CUST-000210,Aditya Chowdhury,Employer,DE,2024-06-16
BEN-000447,CUST-000211,Arjun Kapoor,Unknown,KY,2024-08-10
BEN-000448,CUST-000211,Myra Johnson,Unknown,KY,2023-07-20
BEN-000449,CUST-000211,Ananya Zhang,Vendor,PA,2021-04-28
BEN-000450,CUST-000211,Arjun Mehta,Employer,PA,2022-07-20
BEN-000451,CUST-000212,Wei Sharma,Unknown,GB,2024-08-19
BEN-000452,CUST-000212,Neha Wang,Family,AE,2023-08-04
BEN-000453,CUST-000212,Aditya Brown,Employer,IN,2024-01-25
BEN-000454,CUST-000212,Sarah Verma,Employer,IN,2022-12-03
BEN-000455,CUST-000213,Aadhya Gupta,Employer,CN,2022-12-26
BEN-000456,CUST-000213,Arjun Mehta,Family,KY,2021-09-10
BEN-000457,CUST-000217,Aadhya Iyer,Vendor,GB,2024-09-26
BEN-000458,CUST-000217,Priya Brown,Vendor,IN,2023-11-16
BEN-000459,CUST-000218,Sneha Wang,Vendor,TR,2024-09-28
BEN-000460,CUST-000218,Diya Wang,Friend,US,2024-01-31
BEN-000461,CUST-000218,Ava Sharma,Employer,TR,2024-02-21
BEN-000462,CUST-000218,Myra Smith,Unknown,IN,2023-11-09
BEN-000463,CUST-000219,Neha Mehta,Friend,CN,2024-06-30
BEN-000464,CUST-000219,Pooja Wang,Unknown,CN,2023-11-17
BEN-000465,CUST-000220,Vivaan Verma,Employer,DE,2024-09-20
BEN-000466,CUST-000220,Aadhya Reddy,Friend,GB,2022-05-09
BEN-000467,CUST-000220,Diya Iyer,Friend,DE,2024-04-07
BEN-000468,CUST-000220,Fatima Brown,Business Partner,GB,2024-06-02
BEN-000469,CUST-000222,Aditya Reddy,Business Partner,AE,2024-10-26
BEN-000470,CUST-000222,Noah Rao,Employer,SG,2024-07-31
BEN-000471,CUST-000222,Diya Brown,Employer,DE,2024-03-17
BEN-000472,CUST-000222,Aarav Rao,Business Partner,US,2024-07-04
BEN-000473,CUST-000223,Karan Zhang,Family,IN,2024-09-28
BEN-000474,CUST-000223,James Nair,Family,GB,2024-09-19
BEN-000475,CUST-000224,James Singh,Business Partner,CN,2024-11-18
BEN-000476,CUST-000226,Kabir Mehta,Unknown,CN,2020-07-14
BEN-000477,CUST-000227,Priya Verma,Friend,TR,2024-08-19
BEN-000478,CUST-000227,Wei Nair,Family,US,2023-10-07
BEN-000479,CUST-000228,Ishaan Al-Farsi,Friend,US,2021-09-03
BEN-000480,CUST-000228,Noah Nair,Friend,DE,2020-10-08
BEN-000481,CUST-000228,Noah Iyer,Friend,IN,2023-04-04
BEN-000482,CUST-000228,Robert Zhang,Employer,GB,2021-10-02
BEN-000483,CUST-000229,Vivaan Mehta,Unknown,PA,2024-11-11
BEN-000484,CUST-000229,Vivaan Iyer,Vendor,DE,2023-02-20
BEN-000485,CUST-000229,Olivia Nair,Employer,US,2024-03-21
BEN-000486,CUST-000229,Wei Gupta,Unknown,CN,2023-12-25
BEN-000487,CUST-000230,Karan Mehta,Employer,SG,2021-05-24
BEN-000488,CUST-000230,Saanvi Verma,Friend,AE,2021-11-20
BEN-000489,CUST-000231,Aadhya Johnson,Vendor,CN,2024-06-30
BEN-000490,CUST-000232,Ishaan Verma,Business Partner,CN,2021-02-09
BEN-000491,CUST-000232,Myra Verma,Unknown,DE,2022-02-12
BEN-000492,CUST-000232,Li Rao,Friend,IN,2021-06-01
BEN-000493,CUST-000232,Myra Wang,Business Partner,IN,2024-05-10
BEN-000494,CUST-000233,Robert Gupta,Employer,IN,2021-09-07
BEN-000495,CUST-000234,Vivaan Zhang,Friend,IN,2023-06-11
BEN-000496,CUST-000234,Rahul Reddy,Friend,GB,2024-07-06
BEN-000497,CUST-000234,Wei Johnson,Vendor,SG,2023-04-01
BEN-000498,CUST-000234,John Zhang,Unknown,IN,2023-12-05
BEN-000499,CUST-000235,Aadhya Zhang,Friend,KY,2024-02-03
BEN-000500,CUST-000235,Ishaan Gupta,Employer,CN,2022-12-08
BEN-000501,CUST-000236,Diya Patel,Business Partner,PA,2024-06-25
BEN-000502,CUST-000236,Saanvi Das,Vendor,SG,2024-08-28
BEN-000503,CUST-000236,Emma Al-Farsi,Family,IN,2024-04-01
BEN-000504,CUST-000237,Arjun Sharma,Family,PA,2021-10-03
BEN-000505,CUST-000237,Rahul Verma,Unknown,GB,2020-04-13
BEN-000506,CUST-000237,Myra Singh,Vendor,PA,2023-08-08
BEN-000507,CUST-000238,Arjun Nair,Unknown,TR,2024-04-05
BEN-000508,CUST-000239,Kabir Nair,Family,IN,2024-11-07
BEN-000509,CUST-000242,Arjun Nair,Friend,AE,2021-11-28
BEN-000510,CUST-000243,Noah Brown,Friend,US,2022-02-05
BEN-000511,CUST-000243,Aarav Reddy,Business Partner,GB,2021-06-09
BEN-000512,CUST-000243,Aarav Iyer,Family,CN,2024-11-16
BEN-000513,CUST-000243,Robert Verma,Family,GB,2020-07-07
BEN-000514,CUST-000244,Rahul Chowdhury,Friend,IN,2022-06-14
BEN-000515,CUST-000244,John Chowdhury,Vendor,TR,2024-12-04
BEN-000516,CUST-000244,Arjun Iyer,Employer,PA,2024-10-31
BEN-000517,CUST-000244,James Khan,Employer,PA,2022-05-24
BEN-000518,CUST-000245,Kabir Das,Employer,AE,2023-12-17
BEN-000519,CUST-000245,Sarah Das,Family,CN,2024-02-04
BEN-000520,CUST-000245,Ava Verma,Unknown,SG,2024-05-20
BEN-000521,CUST-000245,Ishaan Mehta,Friend,DE,2024-03-29
BEN-000522,CUST-000247,Ishaan Zhang,Friend,KY,2022-11-01
BEN-000523,CUST-000247,Saanvi Khan,Friend,IN,2023-01-22
BEN-000524,CUST-000247,Emma Verma,Unknown,DE,2023-03-17
BEN-000525,CUST-000247,Myra Singh,Vendor,AE,2023-11-17
BEN-000526,CUST-000248,Liam Al-Farsi,Friend,KY,2023-04-10
BEN-000527,CUST-000248,Noah Al-Farsi,Friend,DE,2022-03-23
BEN-000528,CUST-000249,Aditya Das,Employer,KY,2021-11-15
BEN-000529,CUST-000249,Aadhya Singh,Family,GB,2024-11-21
BEN-000530,CUST-000250,Pooja Patel,Employer,KY,2019-12-23
BEN-000531,CUST-000250,Pooja Patel,Business Partner,DE,2024-02-14
BEN-000532,CUST-000250,Liam Sharma,Friend,IN,2022-07-28
BEN-000533,CUST-000250,Karan Sharma,Friend,US,2022-11-15
BEN-000534,CUST-000251,Rahul Brown,Vendor,SG,2019-04-14
BEN-000535,CUST-000253,Mohammed Zhang,Family,TR,2024-12-04
BEN-000536,CUST-000253,Karan Verma,Business Partner,DE,2019-06-20
BEN-000537,CUST-000253,Olivia Al-Farsi,Friend,US,2019-03-30
BEN-000538,CUST-000253,Fatima Kapoor,Unknown,TR,2019-11-29
BEN-000539,CUST-000256,Pooja Sharma,Vendor,GB,2024-05-02
BEN-000540,CUST-000256,Priya Patel,Unknown,IN,2024-11-05
BEN-000541,CUST-000256,Sneha Zhang,Family,GB,2024-11-20
BEN-000542,CUST-000257,Rahul Al-Farsi,Employer,US,2024-06-11
BEN-000543,CUST-000257,Myra Johnson,Friend,PA,2023-05-12
BEN-000544,CUST-000257,Vivaan Mehta,Unknown,GB,2024-05-16
BEN-000545,CUST-000258,Myra Singh,Unknown,TR,2024-10-26
BEN-000546,CUST-000258,Diya Gupta,Vendor,SG,2024-06-29
BEN-000547,CUST-000258,Ishaan Patel,Friend,US,2024-08-12
BEN-000548,CUST-000258,Li Iyer,Employer,PA,2023-05-26
BEN-000549,CUST-000259,Diya Brown,Vendor,KY,2023-06-16
BEN-000550,CUST-000260,Saanvi Patel,Family,GB,2024-07-12
BEN-000551,CUST-000260,James Khan,Friend,DE,2024-10-05
BEN-000552,CUST-000260,Aadhya Patel,Employer,PA,2024-11-15
BEN-000553,CUST-000261,Myra Nair,Business Partner,DE,2022-10-15
BEN-000554,CUST-000262,Myra Brown,Employer,IN,2024-11-02
BEN-000555,CUST-000262,Sarah Nair,Family,US,2024-01-10
BEN-000556,CUST-000265,Sarah Verma,Employer,IN,2021-02-17
BEN-000557,CUST-000265,Saanvi Patel,Family,GB,2023-12-18
BEN-000558,CUST-000265,Arjun Nair,Friend,TR,2019-09-02
BEN-000559,CUST-000265,Li Smith,Friend,CN,2022-07-06
BEN-000560,CUST-000266,Noah Johnson,Employer,SG,2021-11-01
BEN-000561,CUST-000267,Sarah Sharma,Family,GB,2019-08-30
BEN-000562,CUST-000267,Priya Das,Vendor,US,2024-12-02
BEN-000563,CUST-000267,Arjun Wang,Friend,TR,2020-02-05
BEN-000564,CUST-000267,James Iyer,Vendor,GB,2022-04-05
BEN-000565,CUST-000268,Neha Singh,Unknown,IN,2024-12-05
BEN-000566,CUST-000268,Olivia Patel,Business Partner,TR,2024-11-20
BEN-000567,CUST-000268,Olivia Johnson,Employer,KY,2024-05-17
BEN-000568,CUST-000268,Emma Patel,Friend,CN,2024-03-15
BEN-000569,CUST-000269,Rahul Patel,Family,AE,2023-08-10
BEN-000570,CUST-000269,Karan Zhang,Employer,TR,2022-11-18
BEN-000571,CUST-000269,James Chowdhury,Business Partner,IN,2022-11-24
BEN-000572,CUST-000271,Priya Khan,Family,TR,2021-06-05
BEN-000573,CUST-000271,Vivaan Brown,Unknown,US,2021-07-24
BEN-000574,CUST-000274,Li Khan,Vendor,AE,2023-12-23
BEN-000575,CUST-000275,Rahul Nair,Vendor,DE,2023-09-16
BEN-000576,CUST-000275,Aadhya Das,Employer,AE,2023-10-11
BEN-000577,CUST-000275,Aadhya Singh,Family,IN,2023-06-26
BEN-000578,CUST-000277,Ishaan Verma,Family,CN,2023-06-17
BEN-000579,CUST-000277,Ishaan Verma,Vendor,KY,2022-10-25
BEN-000580,CUST-000278,Emma Al-Farsi,Employer,PA,2019-08-02
BEN-000581,CUST-000279,Liam Nair,Friend,PA,2024-10-10
BEN-000582,CUST-000279,Sarah Iyer,Friend,SG,2022-09-15
BEN-000583,CUST-000279,Kabir Chowdhury,Vendor,IN,2021-12-05
BEN-000584,CUST-000279,Liam Sharma,Unknown,GB,2024-04-26
BEN-000585,CUST-000280,Liam Das,Vendor,TR,2023-04-13
BEN-000586,CUST-000280,Ava Singh,Unknown,AE,2019-12-20
BEN-000587,CUST-000280,Rahul Kapoor,Unknown,IN,2021-07-23
BEN-000588,CUST-000280,Noah Patel,Friend,AE,2022-08-21
BEN-000589,CUST-000281,Diya Brown,Employer,GB,2023-09-06
BEN-000590,CUST-000281,Wei Zhang,Business Partner,DE,2021-12-10
BEN-000591,CUST-000282,Robert Zhang,Friend,IN,2022-01-25
BEN-000592,CUST-000283,Ava Reddy,Friend,KY,2022-12-30
BEN-000593,CUST-000283,Karan Iyer,Family,AE,2024-10-06
BEN-000594,CUST-000283,Priya Smith,Family,PA,2024-01-06
BEN-000595,CUST-000284,Aditya Brown,Unknown,SG,2024-10-18
BEN-000596,CUST-000284,Noah Johnson,Vendor,KY,2022-09-04
BEN-000597,CUST-000284,Neha Mehta,Employer,DE,2022-08-21
BEN-000598,CUST-000285,James Das,Employer,CN,2023-05-22
BEN-000599,CUST-000285,John Zhang,Business Partner,TR,2022-06-25
BEN-000600,CUST-000286,Pooja Zhang,Business Partner,IN,2022-06-24
BEN-000601,CUST-000286,Saanvi Khan,Friend,PA,2019-05-24
BEN-000602,CUST-000286,Wei Verma,Business Partner,CN,2024-06-03
BEN-000603,CUST-000286,Olivia Das,Vendor,IN,2022-06-01
BEN-000604,CUST-000287,Sarah Mehta,Vendor,DE,2023-06-21
BEN-000605,CUST-000287,Aarav Zhang,Friend,KY,2023-12-30
BEN-000606,CUST-000287,Myra Zhang,Employer,PA,2022-05-04
BEN-000607,CUST-000287,Aadhya Brown,Unknown,GB,2020-10-16
BEN-000608,CUST-000289,Olivia Kapoor,Family,US,2021-12-12
BEN-000609,CUST-000289,John Nair,Family,GB,2021-08-14
BEN-000610,CUST-000291,Ishaan Brown,Friend,DE,2022-10-06
BEN-000611,CUST-000291,Priya Sharma,Vendor,IN,2023-05-17
BEN-000612,CUST-000291,Mohammed Singh,Business Partner,TR,2023-07-15
BEN-000613,CUST-000292,Priya Sharma,Vendor,SG,2022-08-11
BEN-000614,CUST-000292,Mohammed Zhang,Business Partner,IN,2022-05-08
BEN-000615,CUST-000292,Arjun Zhang,Unknown,US,2021-06-05
BEN-000616,CUST-000293,Liam Das,Friend,PA,2024-03-17
BEN-000617,CUST-000293,Diya Patel,Vendor,CN,2022-07-28
BEN-000618,CUST-000294,Kabir Johnson,Employer,GB,2019-11-03
BEN-000619,CUST-000294,Saanvi Rao,Unknown,IN,2024-10-06
BEN-000620,CUST-000294,Kabir Khan,Unknown,US,2021-04-18
BEN-000621,CUST-000295,Liam Patel,Friend,US,2023-12-09
BEN-000622,CUST-000295,Vivaan Wang,Vendor,US,2024-02-08
BEN-000623,CUST-000295,Wei Rao,Employer,TR,2023-09-05
BEN-000624,CUST-000295,Li Brown,Vendor,DE,2023-04-11
BEN-000625,CUST-000296,Sarah Rao,Employer,PA,2024-09-22
BEN-000626,CUST-000296,Aditya Khan,Family,TR,2023-01-04
BEN-000627,CUST-000297,Vivaan Smith,Business Partner,AE,2023-12-18
BEN-000628,CUST-000298,Noah Mehta,Family,SG,2021-01-07
BEN-000629,CUST-000298,Saanvi Rao,Friend,DE,2023-02-28
BEN-000630,CUST-000300,Diya Rao,Vendor,IN,2024-04-18
BEN-000631,CUST-000300,Karan Sharma,Business Partner,KY,2023-02-07
BEN-000632,CUST-000300,Ananya Rao,Unknown,US,2023-06-14
BEN-000633,CUST-000301,Pooja Iyer,Vendor,US,2023-12-15
BEN-000634,CUST-000301,Li Nair,Friend,US,2024-01-28
BEN-000635,CUST-000301,John Brown,Unknown,US,2023-11-22
BEN-000636,CUST-000302,Diya Mehta,Employer,KY,2022-05-13
BEN-000637,CUST-000302,Myra Johnson,Friend,IN,2022-08-30
BEN-000638,CUST-000302,Fatima Mehta,Business Partner,AE,2022-03-25
BEN-000639,CUST-000302,Neha Al-Farsi,Business Partner,TR,2024-01-06
BEN-000640,CUST-000303,Aarav Sharma,Employer,DE,2020-10-17
BEN-000641,CUST-000303,Myra Kapoor,Unknown,DE,2024-01-19
BEN-000642,CUST-000304,Saanvi Kapoor,Employer,US,2022-12-28
BEN-000643,CUST-000304,John Reddy,Family,AE,2024-07-13
BEN-000644,CUST-000304,Wei Rao,Unknown,PA,2024-12-11
BEN-000645,CUST-000304,James Wang,Family,SG,2023-01-22
BEN-000646,CUST-000305,Karan Mehta,Friend,KY,2020-08-23
BEN-000647,CUST-000305,Wei Kapoor,Family,TR,2021-07-09
BEN-000648,CUST-000305,Pooja Brown,Friend,SG,2020-09-08
BEN-000649,CUST-000305,Pooja Sharma,Business Partner,DE,2023-01-31
BEN-000650,CUST-000306,Karan Wang,Employer,TR,2024-10-12
BEN-000651,CUST-000306,Ishaan Mehta,Family,SG,2024-11-02
BEN-000652,CUST-000306,Vivaan Chowdhury,Business Partner,IN,2024-09-10
BEN-000653,CUST-000307,Robert Singh,Unknown,CN,2024-10-10
BEN-000654,CUST-000307,Aadhya Johnson,Vendor,TR,2024-09-27
BEN-000655,CUST-000307,Pooja Patel,Business Partner,AE,2024-10-07
BEN-000656,CUST-000307,Ananya Johnson,Employer,SG,2024-12-26
BEN-000657,CUST-000308,Priya Singh,Unknown,TR,2024-11-20
BEN-000658,CUST-000308,Vivaan Smith,Vendor,AE,2023-08-31
BEN-000659,CUST-000308,Li Rao,Unknown,DE,2023-10-30
BEN-000660,CUST-000308,Li Nair,Business Partner,SG,2023-08-06
BEN-000661,CUST-000309,Ava Gupta,Business Partner,US,2021-04-19
BEN-000662,CUST-000309,Priya Iyer,Business Partner,AE,2019-10-01
BEN-000663,CUST-000309,Noah Rao,Friend,IN,2022-04-20
BEN-000664,CUST-000310,Myra Al-Farsi,Employer,SG,2022-08-15
BEN-000665,CUST-000310,Myra Kapoor,Vendor,US,2022-12-29
BEN-000666,CUST-000311,Emma Kapoor,Friend,DE,2021-08-12
BEN-000667,CUST-000311,Neha Kapoor,Business Partner,GB,2019-11-30
BEN-000668,CUST-000312,Ava Sharma,Unknown,CN,2024-02-08
BEN-000669,CUST-000312,Olivia Smith,Friend,AE,2024-07-29
BEN-000670,CUST-000312,Saanvi Kapoor,Family,SG,2023-11-05
BEN-000671,CUST-000313,Aarav Khan,Vendor,DE,2024-08-10
BEN-000672,CUST-000314,Kabir Smith,Employer,US,2023-01-11
BEN-000673,CUST-000314,James Singh,Employer,CN,2023-12-18
BEN-000674,CUST-000314,Aarav Al-Farsi,Business Partner,TR,2024-10-10
BEN-000675,CUST-000315,Ananya Das,Business Partner,AE,2023-12-10
BEN-000676,CUST-000315,Vivaan Verma,Employer,GB,2019-10-27
BEN-000677,CUST-000315,Sneha Wang,Employer,US,2023-01-02
BEN-000678,CUST-000315,Liam Johnson,Unknown,US,2024-06-02
BEN-000679,CUST-000316,John Mehta,Family,PA,2023-01-21
BEN-000680,CUST-000316,James Nair,Unknown,SG,2024-04-25
BEN-000681,CUST-000316,Sarah Singh,Unknown,IN,2024-12-11
BEN-000682,CUST-000316,Olivia Rao,Business Partner,SG,2023-12-20
BEN-000683,CUST-000317,Aarav Rao,Employer,IN,2019-11-29
BEN-000684,CUST-000317,Aadhya Smith,Vendor,DE,2020-05-02
BEN-000685,CUST-000318,Olivia Wang,Vendor,KY,2023-04-12
BEN-000686,CUST-000318,Emma Al-Farsi,Employer,PA,2022-04-17
BEN-000687,CUST-000318,Vivaan Singh,Employer,TR,2024-10-20
BEN-000688,CUST-000319,Aarav Mehta,Employer,SG,2024-03-08
BEN-000689,CUST-000319,Rahul Rao,Unknown,AE,2024-02-07
BEN-000690,CUST-000319,Ava Rao,Vendor,CN,2023-12-30
BEN-000691,CUST-000320,Fatima Das,Family,SG,2021-06-01
BEN-000692,CUST-000321,Ananya Sharma,Unknown,AE,2022-01-07
BEN-000693,CUST-000322,Karan Patel,Friend,KY,2024-01-20
BEN-000694,CUST-000322,Fatima Kapoor,Friend,GB,2024-07-08
BEN-000695,CUST-000322,Kabir Verma,Family,TR,2023-07-21
BEN-000696,CUST-000323,Emma Patel,Unknown,SG,2023-09-20
BEN-000697,CUST-000323,Pooja Das,Vendor,PA,2023-10-12
BEN-000698,CUST-000323,Noah Johnson,Family,GB,2024-07-11
BEN-000699,CUST-000323,Sneha Gupta,Friend,AE,2024-04-04
BEN-000700,CUST-000324,John Zhang,Unknown,SG,2024-11-28
BEN-000701,CUST-000324,James Chowdhury,Unknown,IN,2024-12-22
BEN-000702,CUST-000324,Karan Rao,Friend,IN,2022-07-11
BEN-000703,CUST-000324,Rahul Patel,Business Partner,GB,2024-07-19
BEN-000704,CUST-000325,Wei Smith,Unknown,KY,2022-11-19
BEN-000705,CUST-000325,Karan Chowdhury,Family,TR,2024-12-28
BEN-000706,CUST-000325,Wei Kapoor,Business Partner,PA,2023-05-14
BEN-000707,CUST-000327,Arjun Iyer,Friend,AE,2024-07-11
BEN-000708,CUST-000327,Vivaan Patel,Business Partner,SG,2024-02-09
BEN-000709,CUST-000327,Aadhya Rao,Unknown,IN,2024-02-04
BEN-000710,CUST-000328,Noah Sharma,Unknown,PA,2023-07-03
BEN-000711,CUST-000328,Diya Gupta,Business Partner,AE,2023-01-07
BEN-000712,CUST-000328,John Wang,Unknown,CN,2022-06-19
BEN-000713,CUST-000329,Karan Khan,Family,US,2024-10-10
BEN-000714,CUST-000329,Diya Chowdhury,Family,KY,2024-09-20
BEN-000715,CUST-000329,Aarav Reddy,Employer,KY,2024-12-01
BEN-000716,CUST-000330,Li Wang,Business Partner,IN,2024-04-05
BEN-000717,CUST-000331,John Reddy,Business Partner,CN,2023-08-01
BEN-000718,CUST-000331,Li Brown,Business Partner,US,2023-09-06
BEN-000719,CUST-000331,Karan Khan,Friend,PA,2024-01-27
BEN-000720,CUST-000331,Sneha Nair,Vendor,AE,2024-09-14
BEN-000721,CUST-000332,Sarah Reddy,Unknown,AE,2024-11-04
BEN-000722,CUST-000333,Sarah Al-Farsi,Friend,TR,2022-12-27
BEN-000723,CUST-000334,Arjun Patel,Business Partner,SG,2021-12-21
BEN-000724,CUST-000334,Ananya Brown,Family,TR,2021-09-11
BEN-000725,CUST-000334,Wei Khan,Friend,DE,2022-09-09
BEN-000726,CUST-000335,Sarah Nair,Vendor,US,2022-11-14
BEN-000727,CUST-000335,Ishaan Iyer,Employer,GB,2023-04-01
BEN-000728,CUST-000335,Wei Wang,Unknown,IN,2024-01-05
BEN-000729,CUST-000335,Arjun Reddy,Vendor,US,2024-07-03
BEN-000730,CUST-000336,Aditya Wang,Vendor,SG,2021-08-07
BEN-000731,CUST-000337,Sarah Das,Business Partner,SG,2024-09-01
BEN-000732,CUST-000337,Wei Gupta,Business Partner,SG,2024-05-12
BEN-000733,CUST-000337,Aditya Rao,Unknown,KY,2024-09-07
BEN-000734,CUST-000338,Saanvi Al-Farsi,Friend,US,2023-10-07
BEN-000735,CUST-000338,Neha Nair,Unknown,US,2024-08-16
BEN-000736,CUST-000338,Karan Verma,Employer,DE,2024-04-09
BEN-000737,CUST-000338,Sarah Kapoor,Business Partner,US,2023-10-19
BEN-000738,CUST-000339,Noah Das,Vendor,IN,2023-05-24
BEN-000739,CUST-000339,James Patel,Employer,CN,2022-11-16
BEN-000740,CUST-000340,Sneha Gupta,Employer,IN,2022-03-12
BEN-000741,CUST-000340,Robert Iyer,Unknown,SG,2024-11-07
BEN-000742,CUST-000340,Noah Khan,Unknown,TR,2023-04-17
BEN-000743,CUST-000341,James Reddy,Business Partner,TR,2024-05-25
BEN-000744,CUST-000341,Diya Sharma,Vendor,AE,2024-07-01
BEN-000745,CUST-000341,Aarav Chowdhury,Employer,TR,2024-07-09
BEN-000746,CUST-000342,Robert Nair,Unknown,CN,2024-08-13
BEN-000747,CUST-000343,Li Zhang,Unknown,US,2024-12-08
BEN-000748,CUST-000343,Arjun Khan,Unknown,US,2024-12-18
BEN-000749,CUST-000343,Noah Iyer,Unknown,SG,2024-11-28
BEN-000750,CUST-000343,Ishaan Rao,Friend,CN,2024-11-13
BEN-000751,CUST-000344,John Khan,Friend,PA,2021-10-18
BEN-000752,CUST-000344,Aarav Verma,Family,DE,2024-10-26
BEN-000753,CUST-000345,Ananya Sharma,Friend,TR,2023-10-07
BEN-000754,CUST-000345,Li Das,Business Partner,PA,2023-10-25
BEN-000755,CUST-000347,Priya Patel,Employer,IN,2024-06-21
BEN-000756,CUST-000347,Pooja Brown,Employer,IN,2024-09-05
BEN-000757,CUST-000347,Karan Singh,Unknown,CN,2024-07-26
BEN-000758,CUST-000347,Priya Chowdhury,Business Partner,DE,2024-10-06
BEN-000759,CUST-000348,Sarah Brown,Business Partner,AE,2024-08-26
BEN-000760,CUST-000348,Aarav Das,Business Partner,KY,2024-07-16
BEN-000761,CUST-000348,Aadhya Patel,Business Partner,PA,2024-06-19
BEN-000762,CUST-000350,Diya Smith,Friend,GB,2023-05-26
BEN-000763,CUST-000350,Pooja Smith,Family,IN,2022-10-26
BEN-000764,CUST-000350,Myra Iyer,Vendor,KY,2022-10-17
BEN-000765,CUST-000350,Aditya Al-Farsi,Business Partner,US,2024-04-13
BEN-000766,CUST-000351,Robert Das,Vendor,KY,2022-04-19
BEN-000767,CUST-000351,Aarav Iyer,Vendor,IN,2021-01-17
BEN-000768,CUST-000351,Saanvi Das,Unknown,IN,2021-01-28
BEN-000769,CUST-000351,Aarav Smith,Unknown,CN,2023-05-01
BEN-000770,CUST-000353,Aditya Johnson,Business Partner,DE,2023-09-01
BEN-000771,CUST-000354,Fatima Smith,Family,IN,2020-11-30
BEN-000772,CUST-000354,Noah Wang,Business Partner,KY,2020-08-08
BEN-000773,CUST-000354,Ishaan Zhang,Vendor,AE,2024-03-24
BEN-000774,CUST-000354,Li Mehta,Friend,CN,2022-03-25
BEN-000775,CUST-000355,Sneha Singh,Family,GB,2023-10-06
BEN-000776,CUST-000355,Diya Verma,Unknown,SG,2024-01-28
BEN-000777,CUST-000355,Arjun Brown,Friend,AE,2022-12-27
BEN-000778,CUST-000356,Neha Nair,Friend,SG,2024-06-02
BEN-000779,CUST-000356,Rahul Chowdhury,Family,TR,2023-12-11
BEN-000780,CUST-000357,Olivia Smith,Family,TR,2023-08-24
BEN-000781,CUST-000358,John Nair,Vendor,KY,2023-12-02
BEN-000782,CUST-000358,Aditya Chowdhury,Employer,TR,2023-07-25
BEN-000783,CUST-000358,Aadhya Das,Unknown,AE,2024-03-05
BEN-000784,CUST-000358,Karan Nair,Employer,KY,2024-12-27
BEN-000785,CUST-000359,Diya Kapoor,Family,PA,2021-01-14
BEN-000786,CUST-000359,Saanvi Wang,Family,IN,2023-10-13
BEN-000787,CUST-000359,Ishaan Kapoor,Business Partner,DE,2023-05-31
BEN-000788,CUST-000360,Aditya Mehta,Vendor,GB,2020-08-10
BEN-000789,CUST-000360,Aadhya Das,Employer,PA,2024-10-05
BEN-000790,CUST-000363,Wei Chowdhury,Family,GB,2023-06-13
BEN-000791,CUST-000364,Emma Wang,Employer,SG,2024-02-17
BEN-000792,CUST-000364,Sneha Das,Unknown,US,2024-01-27
BEN-000793,CUST-000366,Saanvi Verma,Friend,GB,2024-08-07
BEN-000794,CUST-000366,Ishaan Zhang,Family,TR,2023-07-07
BEN-000795,CUST-000367,Karan Brown,Unknown,AE,2023-08-29
BEN-000796,CUST-000368,Rahul Sharma,Unknown,GB,2024-03-17
BEN-000797,CUST-000368,Ava Brown,Vendor,AE,2024-11-01
BEN-000798,CUST-000369,Ananya Nair,Friend,GB,2024-07-02
BEN-000799,CUST-000369,Pooja Nair,Employer,CN,2024-06-29
BEN-000800,CUST-000369,Fatima Singh,Vendor,TR,2023-12-01
BEN-000801,CUST-000369,Ananya Brown,Friend,CN,2024-04-29
BEN-000802,CUST-000370,Wei Singh,Vendor,DE,2024-06-04
BEN-000803,CUST-000370,Myra Johnson,Vendor,DE,2024-11-23
BEN-000804,CUST-000371,Li Reddy,Family,TR,2023-08-04
BEN-000805,CUST-000372,Ava Khan,Business Partner,DE,2021-04-09
BEN-000806,CUST-000372,Priya Zhang,Employer,TR,2023-10-01
BEN-000807,CUST-000372,Wei Wang,Vendor,GB,2023-05-26
BEN-000808,CUST-000372,Aadhya Johnson,Vendor,US,2023-03-09
BEN-000809,CUST-000373,Olivia Chowdhury,Business Partner,DE,2022-05-25
BEN-000810,CUST-000373,Rahul Johnson,Friend,KY,2023-01-24
BEN-000811,CUST-000373,Kabir Kapoor,Unknown,CN,2023-11-27
BEN-000812,CUST-000373,Liam Iyer,Unknown,DE,2023-10-08
BEN-000813,CUST-000374,Olivia Smith,Family,PA,2022-01-23
BEN-000814,CUST-000375,Mohammed Zhang,Unknown,SG,2023-07-27
BEN-000815,CUST-000375,Aarav Smith,Friend,AE,2024-03-15
BEN-000816,CUST-000375,Mohammed Kapoor,Family,GB,2023-07-18
BEN-000817,CUST-000375,Arjun Das,Friend,SG,2024-03-20
BEN-000818,CUST-000376,Aadhya Verma,Family,GB,2021-10-11
BEN-000819,CUST-000376,John Wang,Business Partner,AE,2021-06-04
BEN-000820,CUST-000376,Emma Mehta,Friend,PA,2021-05-25
BEN-000821,CUST-000377,Karan Iyer,Family,PA,2024-01-26
BEN-000822,CUST-000377,Myra Gupta,Vendor,CN,2024-10-23
BEN-000823,CUST-000377,Arjun Verma,Unknown,CN,2024-03-23
BEN-000824,CUST-000377,Pooja Sharma,Family,US,2023-10-22
BEN-000825,CUST-000379,Ishaan Nair,Family,KY,2024-10-21
BEN-000826,CUST-000380,Kabir Verma,Business Partner,IN,2024-12-06
BEN-000827,CUST-000380,Emma Singh,Employer,PA,2022-09-30
BEN-000828,CUST-000380,Sarah Zhang,Employer,TR,2022-09-18
BEN-000829,CUST-000381,Vivaan Gupta,Vendor,KY,2022-07-22
BEN-000830,CUST-000381,Myra Wang,Friend,TR,2024-12-06
BEN-000831,CUST-000382,Robert Reddy,Employer,GB,2023-09-08
BEN-000832,CUST-000382,Saanvi Khan,Unknown,CN,2024-01-27
BEN-000833,CUST-000384,Rahul Reddy,Family,TR,2023-05-27
BEN-000834,CUST-000384,Neha Rao,Family,PA,2023-09-10
BEN-000835,CUST-000385,Karan Khan,Unknown,CN,2024-10-22
BEN-000836,CUST-000385,Robert Brown,Unknown,KY,2024-08-21
BEN-000837,CUST-000386,Noah Kapoor,Vendor,SG,2024-06-25
BEN-000838,CUST-000386,Vivaan Reddy,Family,DE,2023-11-04
BEN-000839,CUST-000387,Li Khan,Friend,US,2024-12-24
BEN-000840,CUST-000387,Kabir Sharma,Business Partner,AE,2024-08-11
BEN-000841,CUST-000387,Li Khan,Family,GB,2024-08-11
BEN-000842,CUST-000387,Saanvi Mehta,Vendor,SG,2024-09-04
BEN-000843,CUST-000388,Rahul Al-Farsi,Unknown,TR,2021-03-26
BEN-000844,CUST-000388,Aadhya Chowdhury,Family,AE,2022-03-12
BEN-000845,CUST-000388,Saanvi Johnson,Vendor,AE,2023-03-05
BEN-000846,CUST-000389,Aarav Gupta,Vendor,AE,2024-07-27
BEN-000847,CUST-000390,James Mehta,Vendor,GB,2024-12-30
BEN-000848,CUST-000391,Aarav Das,Business Partner,SG,2024-01-26
BEN-000849,CUST-000393,Sarah Johnson,Business Partner,IN,2022-08-05
BEN-000850,CUST-000393,James Singh,Vendor,US,2024-11-11
BEN-000851,CUST-000393,Diya Das,Friend,DE,2022-04-26
BEN-000852,CUST-000393,Olivia Das,Friend,US,2023-06-08
BEN-000853,CUST-000394,John Johnson,Business Partner,GB,2023-04-05
BEN-000854,CUST-000394,Emma Gupta,Friend,US,2023-12-14
BEN-000855,CUST-000394,Pooja Wang,Business Partner,PA,2023-12-18
BEN-000856,CUST-000394,Mohammed Nair,Business Partner,PA,2022-12-13
BEN-000857,CUST-000397,Pooja Patel,Friend,KY,2024-11-10
BEN-000858,CUST-000401,James Sharma,Friend,DE,2023-04-13
BEN-000859,CUST-000401,Li Wang,Business Partner,AE,2024-09-24
BEN-000860,CUST-000403,Noah Das,Unknown,SG,2023-12-11
BEN-000861,CUST-000403,Myra Patel,Business Partner,US,2024-04-06
BEN-000862,CUST-000403,Mohammed Singh,Vendor,PA,2024-08-03
BEN-000863,CUST-000403,Myra Das,Employer,CN,2024-01-22
BEN-000864,CUST-000405,Myra Brown,Friend,SG,2024-01-23
BEN-000865,CUST-000405,Robert Iyer,Business Partner,DE,2024-03-28
BEN-000866,CUST-000407,Li Gupta,Unknown,CN,2024-12-09
BEN-000867,CUST-000407,Li Smith,Business Partner,IN,2024-12-02
BEN-000868,CUST-000407,Olivia Al-Farsi,Family,IN,2024-12-06
BEN-000869,CUST-000408,Neha Wang,Vendor,TR,2022-12-05
BEN-000870,CUST-000408,Ava Iyer,Employer,TR,2022-04-22
BEN-000871,CUST-000408,Diya Iyer,Family,AE,2021-02-02
BEN-000872,CUST-000409,Diya Reddy,Employer,PA,2023-09-14
BEN-000873,CUST-000409,Ananya Iyer,Employer,GB,2020-09-11
BEN-000874,CUST-000409,Sneha Kapoor,Business Partner,KY,2023-02-22
BEN-000875,CUST-000410,Robert Das,Friend,US,2023-10-11
BEN-000876,CUST-000410,Li Nair,Business Partner,PA,2024-06-08
BEN-000877,CUST-000410,Aditya Iyer,Family,GB,2023-08-14
BEN-000878,CUST-000411,Robert Smith,Employer,KY,2024-09-11
BEN-000879,CUST-000412,Neha Verma,Unknown,GB,2023-12-30
BEN-000880,CUST-000412,Robert Chowdhury,Friend,TR,2024-08-05
BEN-000881,CUST-000412,James Patel,Business Partner,KY,2024-08-19
BEN-000882,CUST-000412,Ishaan Verma,Vendor,AE,2022-07-31
BEN-000883,CUST-000413,John Rao,Unknown,AE,2024-11-24
BEN-000884,CUST-000413,Myra Mehta,Business Partner,CN,2024-12-22
BEN-000885,CUST-000413,Diya Nair,Unknown,DE,2024-12-04
BEN-000886,CUST-000414,Emma Mehta,Employer,TR,2023-10-03
BEN-000887,CUST-000414,James Gupta,Employer,TR,2024-07-18
BEN-000888,CUST-000414,Myra Brown,Unknown,PA,2023-02-17
BEN-000889,CUST-000414,Emma Das,Business Partner,CN,2024-02-03
BEN-000890,CUST-000415,Ava Smith,Business Partner,DE,2022-02-12
BEN-000891,CUST-000415,Vivaan Johnson,Vendor,TR,2023-09-24
BEN-000892,CUST-000415,Ishaan Gupta,Friend,GB,2020-11-26
BEN-000893,CUST-000415,Priya Iyer,Unknown,GB,2022-04-16
BEN-000894,CUST-000416,Sarah Nair,Unknown,PA,2023-07-02
BEN-000895,CUST-000417,Olivia Das,Employer,DE,2024-12-25
BEN-000896,CUST-000417,Diya Mehta,Vendor,PA,2024-11-05
BEN-000897,CUST-000417,Myra Brown,Family,PA,2024-12-20
BEN-000898,CUST-000418,Mohammed Iyer,Friend,TR,2024-11-01
BEN-000899,CUST-000418,Saanvi Johnson,Family,DE,2024-10-12
BEN-000900,CUST-000418,Fatima Chowdhury,Business Partner,IN,2024-08-23
BEN-000901,CUST-000419,Vivaan Zhang,Business Partner,CN,2022-06-17
BEN-000902,CUST-000419,Ananya Mehta,Family,CN,2024-01-16
BEN-000903,CUST-000419,Vivaan Mehta,Vendor,SG,2023-12-09
BEN-000904,CUST-000419,Arjun Smith,Unknown,CN,2022-01-24
BEN-000905,CUST-000422,Li Chowdhury,Employer,GB,2024-08-19
BEN-000906,CUST-000422,Arjun Kapoor,Vendor,AE,2024-09-10
BEN-000907,CUST-000422,Liam Chowdhury,Business Partner,KY,2024-12-14
BEN-000908,CUST-000422,Noah Singh,Unknown,GB,2024-09-06
BEN-000909,CUST-000423,Noah Brown,Friend,KY,2022-01-26
BEN-000910,CUST-000424,Noah Kapoor,Friend,TR,2024-08-06
BEN-000911,CUST-000426,Kabir Johnson,Employer,US,2022-01-06
BEN-000912,CUST-000426,Ananya Rao,Family,SG,2022-06-02
BEN-000913,CUST-000426,Pooja Johnson,Business Partner,SG,2024-11-27
BEN-000914,CUST-000427,Kabir Sharma,Vendor,SG,2024-07-17
BEN-000915,CUST-000427,Vivaan Wang,Vendor,DE,2023-11-16
BEN-000916,CUST-000427,Sarah Smith,Family,DE,2022-06-07
BEN-000917,CUST-000428,Myra Verma,Unknown,KY,2022-11-15
BEN-000918,CUST-000428,James Sharma,Friend,GB,2024-06-27
BEN-000919,CUST-000429,Aarav Iyer,Employer,KY,2024-07-08
BEN-000920,CUST-000429,Aarav Singh,Employer,TR,2024-03-28
BEN-000921,CUST-000429,Priya Mehta,Vendor,AE,2024-11-02
BEN-000922,CUST-000429,Sarah Gupta,Friend,TR,2024-11-21
BEN-000923,CUST-000430,Emma Gupta,Vendor,DE,2021-03-08
BEN-000924,CUST-000430,Emma Mehta,Business Partner,AE,2023-04-28
BEN-000925,CUST-000431,Saanvi Al-Farsi,Family,TR,2024-03-07
BEN-000926,CUST-000432,Vivaan Iyer,Friend,IN,2024-10-08
BEN-000927,CUST-000432,Myra Sharma,Friend,US,2024-03-01
BEN-000928,CUST-000432,Aarav Singh,Business Partner,KY,2019-12-03
BEN-000929,CUST-000432,Pooja Gupta,Friend,IN,2023-12-24
BEN-000930,CUST-000433,Rahul Singh,Vendor,TR,2022-11-11
BEN-000931,CUST-000433,John Khan,Business Partner,SG,2022-09-23
BEN-000932,CUST-000433,Li Singh,Family,GB,2023-12-20
BEN-000933,CUST-000434,Sarah Johnson,Friend,US,2021-10-29
BEN-000934,CUST-000434,Sarah Sharma,Family,SG,2021-12-29
BEN-000935,CUST-000434,Wei Iyer,Employer,SG,2023-06-05
BEN-000936,CUST-000435,Pooja Brown,Employer,AE,2024-02-18
BEN-000937,CUST-000435,Liam Rao,Business Partner,US,2024-11-24
BEN-000938,CUST-000436,Ishaan Zhang,Family,GB,2023-06-07
BEN-000939,CUST-000437,Sarah Das,Friend,IN,2024-02-21
BEN-000940,CUST-000438,Priya Patel,Employer,CN,2024-08-30
BEN-000941,CUST-000438,Sarah Smith,Unknown,PA,2023-07-29
BEN-000942,CUST-000438,Vivaan Reddy,Vendor,TR,2023-10-05
BEN-000943,CUST-000438,Myra Reddy,Family,IN,2023-07-29
BEN-000944,CUST-000439,Saanvi Zhang,Vendor,US,2020-08-26
BEN-000945,CUST-000439,Ishaan Smith,Employer,US,2022-07-31
BEN-000946,CUST-000439,Noah Al-Farsi,Vendor,US,2021-02-27
BEN-000947,CUST-000439,Sneha Al-Farsi,Family,SG,2021-03-27
BEN-000948,CUST-000440,Saanvi Das,Family,DE,2024-05-16
BEN-000949,CUST-000440,Vivaan Chowdhury,Unknown,KY,2022-11-16
BEN-000950,CUST-000440,Kabir Wang,Vendor,US,2022-10-19
BEN-000951,CUST-000440,Aarav Reddy,Unknown,IN,2024-04-20
BEN-000952,CUST-000441,Myra Smith,Vendor,SG,2024-12-12
BEN-000953,CUST-000441,Kabir Zhang,Employer,TR,2024-12-09
BEN-000954,CUST-000441,Kabir Al-Farsi,Unknown,SG,2024-12-15
BEN-000955,CUST-000441,Ananya Brown,Friend,DE,2024-12-13
BEN-000956,CUST-000443,Emma Smith,Family,TR,2024-12-10
BEN-000957,CUST-000443,Li Das,Business Partner,CN,2024-11-26
BEN-000958,CUST-000443,James Kapoor,Business Partner,KY,2024-07-12
BEN-000959,CUST-000443,Mohammed Gupta,Family,DE,2024-12-29
BEN-000960,CUST-000444,Fatima Johnson,Unknown,GB,2020-08-12
BEN-000961,CUST-000444,Rahul Johnson,Unknown,AE,2021-06-05
BEN-000962,CUST-000444,Kabir Gupta,Friend,IN,2021-02-26
BEN-000963,CUST-000444,Robert Gupta,Friend,IN,2020-11-04
BEN-000964,CUST-000445,Liam Wang,Unknown,DE,2024-12-29
BEN-000965,CUST-000445,Rahul Wang,Employer,GB,2024-12-30
BEN-000966,CUST-000445,Ava Patel,Vendor,IN,2024-08-15
BEN-000967,CUST-000445,Emma Wang,Unknown,GB,2024-12-22
BEN-000968,CUST-000446,Pooja Mehta,Unknown,CN,2024-08-13
BEN-000969,CUST-000447,Li Gupta,Unknown,IN,2024-12-18
BEN-000970,CUST-000447,Aditya Das,Vendor,TR,2024-12-29
BEN-000971,CUST-000447,Karan Zhang,Vendor,US,2024-12-11
BEN-000972,CUST-000448,Mohammed Johnson,Friend,AE,2024-02-25
BEN-000973,CUST-000448,Noah Wang,Friend,IN,2024-05-09
BEN-000974,CUST-000449,Ava Das,Business Partner,AE,2024-06-07
BEN-000975,CUST-000450,Liam Rao,Family,PA,2023-09-12
BEN-000976,CUST-000450,Robert Das,Family,SG,2024-12-25
BEN-000977,CUST-000450,Robert Zhang,Unknown,AE,2023-11-25
BEN-000978,CUST-000452,Fatima Das,Business Partner,CN,2024-12-18
BEN-000979,CUST-000452,James Smith,Family,AE,2024-10-15
BEN-000980,CUST-000452,Sneha Reddy,Vendor,IN,2024-01-11
BEN-000981,CUST-000454,Aditya Chowdhury,Vendor,IN,2021-10-01
BEN-000982,CUST-000456,Noah Brown,Business Partner,DE,2021-07-20
BEN-000983,CUST-000456,John Al-Farsi,Friend,SG,2021-01-08
BEN-000984,CUST-000456,Fatima Brown,Family,IN,2022-01-04
BEN-000985,CUST-000457,John Chowdhury,Vendor,PA,2024-05-11
BEN-000986,CUST-000457,Olivia Nair,Business Partner,US,2023-09-26
BEN-000987,CUST-000458,Robert Reddy,Unknown,GB,2023-07-08
BEN-000988,CUST-000458,Rahul Iyer,Unknown,TR,2024-10-29
BEN-000989,CUST-000458,Fatima Sharma,Vendor,IN,2024-05-11
BEN-000990,CUST-000458,Fatima Das,Family,KY,2024-11-17
BEN-000991,CUST-000459,Fatima Gupta,Unknown,SG,2024-05-07
BEN-000992,CUST-000459,Rahul Smith,Family,SG,2024-09-06
BEN-000993,CUST-000459,Li Wang,Friend,GB,2024-05-14
BEN-000994,CUST-000459,John Gupta,Unknown,CN,2024-10-25
BEN-000995,CUST-000460,Fatima Al-Farsi,Vendor,DE,2021-10-11
BEN-000996,CUST-000461,Li Reddy,Friend,IN,2022-09-06
BEN-000997,CUST-000461,Ishaan Gupta,Employer,DE,2023-08-28
BEN-000998,CUST-000461,Noah Das,Vendor,DE,2022-02-07
BEN-000999,CUST-000462,Liam Chowdhury,Business Partner,KY,2023-08-30
BEN-001000,CUST-000462,Robert Patel,Business Partner,GB,2024-05-03
BEN-001001,CUST-000462,Myra Nair,Employer,PA,2023-07-26
BEN-001002,CUST-000464,Emma Reddy,Family,AE,2024-11-29
BEN-001003,CUST-000464,Ananya Verma,Family,DE,2024-11-08
BEN-001004,CUST-000464,Arjun Gupta,Family,TR,2024-09-16
BEN-001005,CUST-000465,Aarav Rao,Employer,DE,2022-05-26
BEN-001006,CUST-000465,Rahul Wang,Family,IN,2023-10-24
BEN-001007,CUST-000465,Rahul Kapoor,Business Partner,US,2022-08-13
BEN-001008,CUST-000466,Liam Verma,Vendor,DE,2024-05-01
BEN-001009,CUST-000467,John Khan,Business Partner,TR,2021-12-31
BEN-001010,CUST-000467,John Johnson,Family,GB,2024-08-28
BEN-001011,CUST-000467,Vivaan Das,Friend,US,2019-10-14
BEN-001012,CUST-000467,Diya Chowdhury,Family,SG,2023-09-07
BEN-001013,CUST-000468,Noah Johnson,Unknown,US,2024-11-28
BEN-001014,CUST-000469,Rahul Kapoor,Family,SG,2021-09-03
BEN-001015,CUST-000469,Kabir Das,Friend,PA,2021-10-25
BEN-001016,CUST-000469,Diya Johnson,Family,IN,2021-02-26
BEN-001017,CUST-000470,Robert Kapoor,Family,TR,2024-11-06
BEN-001018,CUST-000471,Kabir Johnson,Family,AE,2019-10-01
BEN-001019,CUST-000471,Neha Kapoor,Friend,DE,2021-02-10
BEN-001020,CUST-000472,Pooja Chowdhury,Unknown,GB,2021-12-04
BEN-001021,CUST-000473,Olivia Brown,Business Partner,US,2022-12-21
BEN-001022,CUST-000473,Priya Das,Employer,SG,2024-09-28
BEN-001023,CUST-000473,Myra Chowdhury,Family,SG,2023-04-04
BEN-001024,CUST-000474,Ishaan Nair,Vendor,AE,2023-05-07
BEN-001025,CUST-000475,Robert Johnson,Employer,KY,2024-11-13
BEN-001026,CUST-000475,Karan Al-Farsi,Friend,DE,2024-08-08
BEN-001027,CUST-000475,Kabir Rao,Unknown,GB,2023-11-22
BEN-001028,CUST-000475,James Iyer,Vendor,US,2019-02-06
BEN-001029,CUST-000476,Sneha Rao,Friend,DE,2024-01-14
BEN-001030,CUST-000476,Li Verma,Business Partner,PA,2024-09-06
BEN-001031,CUST-000477,Diya Singh,Unknown,DE,2024-02-02
BEN-001032,CUST-000477,Neha Wang,Unknown,GB,2023-06-26
BEN-001033,CUST-000479,Ananya Singh,Unknown,AE,2024-02-21
BEN-001034,CUST-000480,Ava Mehta,Business Partner,CN,2022-12-13
BEN-001035,CUST-000480,Vivaan Nair,Employer,AE,2022-01-24
BEN-001036,CUST-000480,Aarav Nair,Business Partner,TR,2024-07-11
BEN-001037,CUST-000480,Sarah Singh,Business Partner,IN,2024-05-12
BEN-001038,CUST-000481,Sarah Gupta,Business Partner,SG,2024-03-13
BEN-001039,CUST-000481,Aarav Nair,Vendor,DE,2024-11-23
BEN-001040,CUST-000482,Myra Chowdhury,Business Partner,CN,2020-03-24
BEN-001041,CUST-000482,Li Iyer,Unknown,CN,2019-12-27
BEN-001042,CUST-000483,Sneha Zhang,Unknown,SG,2024-11-25
BEN-001043,CUST-000483,Diya Khan,Family,US,2024-10-18
BEN-001044,CUST-000483,Fatima Johnson,Business Partner,GB,2024-07-13
BEN-001045,CUST-000484,Fatima Brown,Business Partner,GB,2024-09-03
BEN-001046,CUST-000484,Arjun Singh,Employer,GB,2024-08-10
BEN-001047,CUST-000484,Arjun Patel,Unknown,IN,2023-11-08
BEN-001048,CUST-000484,Neha Rao,Vendor,CN,2024-01-24
BEN-001049,CUST-000485,Fatima Verma,Family,SG,2023-02-17
BEN-001050,CUST-000485,Karan Mehta,Vendor,SG,2023-07-31
BEN-001051,CUST-000486,Robert Smith,Family,TR,2023-09-22
BEN-001052,CUST-000486,Aadhya Verma,Unknown,US,2022-01-22
BEN-001053,CUST-000486,Vivaan Wang,Family,CN,2024-05-27
BEN-001054,CUST-000486,Priya Rao,Unknown,SG,2023-03-09
BEN-001055,CUST-000487,James Patel,Vendor,DE,2024-07-06
BEN-001056,CUST-000487,Vivaan Gupta,Employer,GB,2024-06-03
BEN-001057,CUST-000487,Aarav Sharma,Unknown,TR,2023-03-13
BEN-001058,CUST-000489,Neha Kapoor,Employer,DE,2024-11-07
BEN-001059,CUST-000489,Mohammed Khan,Vendor,CN,2024-10-31
BEN-001060,CUST-000490,Kabir Kapoor,Family,TR,2024-09-30
BEN-001061,CUST-000490,Priya Al-Farsi,Business Partner,AE,2024-11-02
BEN-001062,CUST-000491,Kabir Brown,Family,IN,2022-01-03
BEN-001063,CUST-000491,Pooja Das,Family,GB,2024-07-13
BEN-001064,CUST-000491,Emma Das,Family,AE,2021-03-27
BEN-001065,CUST-000492,Priya Zhang,Family,US,2020-12-10
BEN-001066,CUST-000492,Saanvi Khan,Vendor,GB,2024-01-08
BEN-001067,CUST-000492,John Reddy,Employer,CN,2021-11-10
BEN-001068,CUST-000492,Priya Iyer,Family,CN,2023-11-28
BEN-001069,CUST-000493,Rahul Reddy,Friend,US,2024-12-05
BEN-001070,CUST-000493,Aadhya Zhang,Family,US,2024-12-05
BEN-001071,CUST-000494,Priya Khan,Vendor,CN,2021-05-01
BEN-001072,CUST-000494,Ava Reddy,Employer,US,2023-04-22
BEN-001073,CUST-000494,Karan Rao,Employer,SG,2024-05-06
BEN-001074,CUST-000495,Priya Gupta,Business Partner,SG,2024-09-26
BEN-001075,CUST-000496,Aadhya Chowdhury,Vendor,CN,2024-11-05
BEN-001076,CUST-000496,Ishaan Patel,Unknown,GB,2024-11-17
BEN-001077,CUST-000496,Ananya Verma,Business Partner,IN,2024-12-23
BEN-001078,CUST-000497,Aditya Iyer,Unknown,CN,2021-10-21
BEN-001079,CUST-000497,Aadhya Patel,Vendor,TR,2023-03-26
BEN-001080,CUST-000497,Pooja Khan,Friend,DE,2022-04-12
BEN-001081,CUST-000499,Pooja Kapoor,Family,TR,2024-03-31
BEN-001082,CUST-000499,Rahul Brown,Family,TR,2024-08-06
BEN-001083,CUST-000499,Fatima Das,Vendor,GB,2022-08-23
BEN-001084,CUST-000499,Vivaan Johnson,Employer,IN,2024-08-27
BEN-001085,CUST-000500,Fatima Reddy,Friend,PA,2024-06-02
BEN-001086,CUST-000500,Wei Rao,Employer,CN,2024-08-08
